{"assets/icons/AppStore.png":["assets/icons/AppStore.png"],"assets/screens/FaceYoga0.png":["assets/screens/FaceYoga0.png"],"assets/screens/FaceYoga1.png":["assets/screens/FaceYoga1.png"],"assets/screens/FaceYoga2.png":["assets/screens/FaceYoga2.png"],"assets/screens/FaceYoga3.png":["assets/screens/FaceYoga3.png"],"assets/screens/FaceYoga4.png":["assets/screens/FaceYoga4.png"],"assets/screens/FaceYoga5.png":["assets/screens/FaceYoga5.png"],"assets/screens/IDontNever0.png":["assets/screens/IDontNever0.png"],"assets/screens/IDontNever1.png":["assets/screens/IDontNever1.png"],"assets/screens/IDontNever2.png":["assets/screens/IDontNever2.png"],"assets/screens/IDontNever3.png":["assets/screens/IDontNever3.png"],"assets/screens/IDontNever4.png":["assets/screens/IDontNever4.png"],"assets/screens/IDontNever5.png":["assets/screens/IDontNever5.png"],"assets/screens/PowerFit0.png":["assets/screens/PowerFit0.png"],"assets/screens/PowerFit1.png":["assets/screens/PowerFit1.png"],"assets/screens/PowerFit2.png":["assets/screens/PowerFit2.png"],"assets/screens/PowerFit3.png":["assets/screens/PowerFit3.png"],"assets/screens/PowerFit4.png":["assets/screens/PowerFit4.png"],"assets/screens/PowerFit5.png":["assets/screens/PowerFit5.png"],"assets/screens/Zoloto5850.png":["assets/screens/Zoloto5850.png"],"assets/screens/Zoloto5851.png":["assets/screens/Zoloto5851.png"],"assets/screens/Zoloto5852.png":["assets/screens/Zoloto5852.png"],"assets/screens/Zoloto5853.png":["assets/screens/Zoloto5853.png"],"assets/screens/Zoloto5854.png":["assets/screens/Zoloto5854.png"],"assets/screens/truthOrDate0.png":["assets/screens/truthOrDate0.png"],"assets/screens/truthOrDate1.png":["assets/screens/truthOrDate1.png"],"assets/screens/truthOrDate2.png":["assets/screens/truthOrDate2.png"],"assets/screens/truthOrDate3.png":["assets/screens/truthOrDate3.png"],"assets/screens/truthOrDate4.png":["assets/screens/truthOrDate4.png"],"assets/screens/truthOrDate5.png":["assets/screens/truthOrDate5.png"],"packages/cupertino_icons/assets/CupertinoIcons.ttf":["packages/cupertino_icons/assets/CupertinoIcons.ttf"]}